PassengerId,Survived,Pclass,Gender,Age,Fare,Embarked,Family
1,0,3,male,22,7.25,S,1
2,1,1,female,38,71.2833,C,1
3,1,3,female,26,7.925,S,0
4,1,1,female,35,53.1,S,1
5,0,3,male,35,8.05,S,0
6,0,3,male,30,8.4583,Q,0
7,0,1,male,54,51.8625,S,0
8,0,3,male,2,21.075,S,4
9,1,3,female,27,11.1333,S,2
10,1,2,female,14,30.0708,C,1
11,1,3,female,4,16.7,S,2
12,1,1,female,58,26.55,S,0
13,0,3,male,20,8.05,S,0
14,0,3,male,39,31.275,S,6
15,0,3,female,14,7.8542,S,0
16,1,2,female,55,16,S,0
17,0,3,male,2,29.125,Q,5
18,1,2,male,30,13,S,0
19,0,3,female,31,18,S,1
20,1,3,female,30,7.225,C,0
21,0,2,male,35,26,S,0
22,1,2,male,34,13,S,0
23,1,3,female,15,8.0292,Q,0
24,1,1,male,28,35.5,S,0
25,0,3,female,8,21.075,S,4
26,1,3,female,38,31.3875,S,6
27,0,3,male,30,7.225,C,0
28,0,1,male,19,263,S,5
29,1,3,female,30,7.8792,Q,0
30,0,3,male,30,7.8958,S,0
31,0,1,male,40,27.7208,C,0
32,1,1,female,30,146.5208,C,1
33,1,3,female,30,7.75,Q,0
34,0,2,male,66,10.5,S,0
35,0,1,male,28,82.1708,C,1
36,0,1,male,42,52,S,1
37,1,3,male,30,7.2292,C,0
38,0,3,male,21,8.05,S,0
39,0,3,female,18,18,S,2
40,1,3,female,14,11.2417,C,1
41,0,3,female,40,9.475,S,1
42,0,2,female,27,21,S,1
43,0,3,male,30,7.8958,C,0
44,1,2,female,3,41.5792,C,3
45,1,3,female,19,7.8792,Q,0
46,0,3,male,30,8.05,S,0
47,0,3,male,30,15.5,Q,1
48,1,3,female,30,7.75,Q,0
49,0,3,male,30,21.6792,C,2
50,0,3,female,18,17.8,S,1
51,0,3,male,7,39.6875,S,5
52,0,3,male,21,7.8,S,0
53,1,1,female,49,76.7292,C,1
54,1,2,female,29,26,S,1
55,0,1,male,65,61.9792,C,1
56,1,1,male,30,35.5,S,0
57,1,2,female,21,10.5,S,0
58,0,3,male,28,7.2292,C,0
59,1,2,female,5,27.75,S,3
60,0,3,male,11,46.9,S,7
61,0,3,male,22,7.2292,C,0
62,1,1,female,38,80,S,0
63,0,1,male,45,83.475,S,1
64,0,3,male,4,27.9,S,5
65,0,1,male,30,27.7208,C,0
66,1,3,male,30,15.2458,C,2
67,1,2,female,29,10.5,S,0
68,0,3,male,19,8.1583,S,0
69,1,3,female,17,7.925,S,6
70,0,3,male,26,8.6625,S,2
71,0,2,male,32,10.5,S,0
72,0,3,female,16,46.9,S,7
73,0,2,male,21,73.5,S,0
74,0,3,male,26,14.4542,C,1
75,1,3,male,32,56.4958,S,0
76,0,3,male,25,7.65,S,0
77,0,3,male,30,7.8958,S,0
78,0,3,male,30,8.05,S,0
79,1,2,male,1,29,S,2
80,1,3,female,30,12.475,S,0
81,0,3,male,22,9,S,0
82,1,3,male,29,9.5,S,0
83,1,3,female,30,7.7875,Q,0
84,0,1,male,28,47.1,S,0
85,1,2,female,17,10.5,S,0
86,1,3,female,33,15.85,S,3
87,0,3,male,16,34.375,S,4
88,0,3,male,30,8.05,S,0
89,1,1,female,23,263,S,5
90,0,3,male,24,8.05,S,0
91,0,3,male,29,8.05,S,0
92,0,3,male,20,7.8542,S,0
93,0,1,male,46,61.175,S,1
94,0,3,male,26,20.575,S,3
95,0,3,male,59,7.25,S,0
96,0,3,male,30,8.05,S,0
97,0,1,male,71,34.6542,C,0
98,1,1,male,23,63.3583,C,1
99,1,2,female,34,23,S,1
100,0,2,male,34,26,S,1
101,0,3,female,28,7.8958,S,0
102,0,3,male,30,7.8958,S,0
103,0,1,male,21,77.2875,S,1
104,0,3,male,33,8.6542,S,0
105,0,3,male,37,7.925,S,2
106,0,3,male,28,7.8958,S,0
107,1,3,female,21,7.65,S,0
108,1,3,male,30,7.775,S,0
109,0,3,male,38,7.8958,S,0
110,1,3,female,30,24.15,Q,1
111,0,1,male,47,52,S,0
112,0,3,female,14,14.4542,C,1
113,0,3,male,22,8.05,S,0
114,0,3,female,20,9.825,S,1
115,0,3,female,17,14.4583,C,0
116,0,3,male,21,7.925,S,0
117,0,3,male,70,7.75,Q,0
118,0,2,male,29,21,S,1
119,0,1,male,24,247.5208,C,1
120,0,3,female,2,31.275,S,6
121,0,2,male,21,73.5,S,2
122,0,3,male,30,8.05,S,0
123,0,2,male,32,30.0708,C,1
124,1,2,female,32,13,S,0
125,0,1,male,54,77.2875,S,1
126,1,3,male,12,11.2417,C,1
127,0,3,male,30,7.75,Q,0
128,1,3,male,24,7.1417,S,0
129,1,3,female,30,22.3583,C,2
130,0,3,male,45,6.975,S,0
131,0,3,male,33,7.8958,C,0
132,0,3,male,20,7.05,S,0
133,0,3,female,47,14.5,S,1
134,1,2,female,29,26,S,1
135,0,2,male,25,13,S,0
136,0,2,male,23,15.0458,C,0
137,1,1,female,19,26.2833,S,2
138,0,1,male,37,53.1,S,1
139,0,3,male,16,9.2167,S,0
140,0,1,male,24,79.2,C,0
141,0,3,female,30,15.2458,C,2
142,1,3,female,22,7.75,S,0
143,1,3,female,24,15.85,S,1
144,0,3,male,19,6.75,Q,0
145,0,2,male,18,11.5,S,0
146,0,2,male,19,36.75,S,2
147,1,3,male,27,7.7958,S,0
148,0,3,female,9,34.375,S,4
149,0,2,male,36,26,S,2
150,0,2,male,42,13,S,0
151,0,2,male,51,12.525,S,0
152,1,1,female,22,66.6,S,1
153,0,3,male,56,8.05,S,0
154,0,3,male,40,14.5,S,2
155,0,3,male,30,7.3125,S,0
156,0,1,male,51,61.3792,C,1
157,1,3,female,16,7.7333,Q,0
158,0,3,male,30,8.05,S,0
159,0,3,male,30,8.6625,S,0
160,0,3,male,30,69.55,S,10
161,0,3,male,44,16.1,S,1
162,1,2,female,40,15.75,S,0
163,0,3,male,26,7.775,S,0
164,0,3,male,17,8.6625,S,0
165,0,3,male,1,39.6875,S,5
166,1,3,male,9,20.525,S,2
167,1,1,female,30,55,S,1
168,0,3,female,45,27.9,S,5
169,0,1,male,30,25.925,S,0
170,0,3,male,28,56.4958,S,0
171,0,1,male,61,33.5,S,0
172,0,3,male,4,29.125,Q,5
173,1,3,female,1,11.1333,S,2
174,0,3,male,21,7.925,S,0
175,0,1,male,56,30.6958,C,0
176,0,3,male,18,7.8542,S,2
177,0,3,male,30,25.4667,S,4
178,0,1,female,50,28.7125,C,0
179,0,2,male,30,13,S,0
180,0,3,male,36,0,S,0
181,0,3,female,30,69.55,S,10
182,0,2,male,30,15.05,C,0
183,0,3,male,9,31.3875,S,6
184,1,2,male,1,39,S,3
185,1,3,female,4,22.025,S,2
186,0,1,male,30,50,S,0
187,1,3,female,30,15.5,Q,1
188,1,1,male,45,26.55,S,0
189,0,3,male,40,15.5,Q,2
190,0,3,male,36,7.8958,S,0
191,1,2,female,32,13,S,0
192,0,2,male,19,13,S,0
193,1,3,female,19,7.8542,S,1
194,1,2,male,3,26,S,2
195,1,1,female,44,27.7208,C,0
196,1,1,female,58,146.5208,C,0
197,0,3,male,30,7.75,Q,0
198,0,3,male,42,8.4042,S,1
199,1,3,female,30,7.75,Q,0
200,0,2,female,24,13,S,0
201,0,3,male,28,9.5,S,0
202,0,3,male,30,69.55,S,10
203,0,3,male,34,6.4958,S,0
204,0,3,male,46,7.225,C,0
205,1,3,male,18,8.05,S,0
206,0,3,female,2,10.4625,S,1
207,0,3,male,32,15.85,S,1
208,1,3,male,26,18.7875,C,0
209,1,3,female,16,7.75,Q,0
210,1,1,male,40,31,C,0
211,0,3,male,24,7.05,S,0
212,1,2,female,35,21,S,0
213,0,3,male,22,7.25,S,0
214,0,2,male,30,13,S,0
215,0,3,male,30,7.75,Q,1
216,1,1,female,31,113.275,C,1
217,1,3,female,27,7.925,S,0
218,0,2,male,42,27,S,1
219,1,1,female,32,76.2917,C,0
220,0,2,male,30,10.5,S,0
221,1,3,male,16,8.05,S,0
222,0,2,male,27,13,S,0
223,0,3,male,51,8.05,S,0
224,0,3,male,30,7.8958,S,0
225,1,1,male,38,90,S,1
226,0,3,male,22,9.35,S,0
227,1,2,male,19,10.5,S,0
228,0,3,male,20,7.25,S,0
229,0,2,male,18,13,S,0
230,0,3,female,30,25.4667,S,4
231,1,1,female,35,83.475,S,1
232,0,3,male,29,7.775,S,0
233,0,2,male,59,13.5,S,0
234,1,3,female,5,31.3875,S,6
235,0,2,male,24,10.5,S,0
236,0,3,female,30,7.55,S,0
237,0,2,male,44,26,S,1
238,1,2,female,8,26.25,S,2
239,0,2,male,19,10.5,S,0
240,0,2,male,33,12.275,S,0
241,0,3,female,30,14.4542,C,1
242,1,3,female,30,15.5,Q,1
243,0,2,male,29,10.5,S,0
244,0,3,male,22,7.125,S,0
245,0,3,male,30,7.225,C,0
246,0,1,male,44,90,Q,2
247,0,3,female,25,7.775,S,0
248,1,2,female,24,14.5,S,2
249,1,1,male,37,52.5542,S,2
250,0,2,male,54,26,S,1
251,0,3,male,30,7.25,S,0
252,0,3,female,29,10.4625,S,2
253,0,1,male,62,26.55,S,0
254,0,3,male,30,16.1,S,1
255,0,3,female,41,20.2125,S,2
256,1,3,female,29,15.2458,C,2
257,1,1,female,30,79.2,C,0
258,1,1,female,30,86.5,S,0
259,1,1,female,35,512.3292,C,0
260,1,2,female,50,26,S,1
261,0,3,male,30,7.75,Q,0
262,1,3,male,3,31.3875,S,6
263,0,1,male,52,79.65,S,2
264,0,1,male,40,0,S,0
265,0,3,female,30,7.75,Q,0
266,0,2,male,36,10.5,S,0
267,0,3,male,16,39.6875,S,5
268,1,3,male,25,7.775,S,1
269,1,1,female,58,153.4625,S,1
270,1,1,female,35,135.6333,S,0
271,0,1,male,30,31,S,0
272,1,3,male,25,0,S,0
273,1,2,female,41,19.5,S,1
274,0,1,male,37,29.7,C,1
275,1,3,female,30,7.75,Q,0
276,1,1,female,63,77.9583,S,1
277,0,3,female,45,7.75,S,0
278,0,2,male,30,0,S,0
279,0,3,male,7,29.125,Q,5
280,1,3,female,35,20.25,S,2
281,0,3,male,65,7.75,Q,0
282,0,3,male,28,7.8542,S,0
283,0,3,male,16,9.5,S,0
284,1,3,male,19,8.05,S,0
285,0,1,male,30,26,S,0
286,0,3,male,33,8.6625,C,0
287,1,3,male,30,9.5,S,0
288,0,3,male,22,7.8958,S,0
289,1,2,male,42,13,S,0
290,1,3,female,22,7.75,Q,0
291,1,1,female,26,78.85,S,0
292,1,1,female,19,91.0792,C,1
293,0,2,male,36,12.875,C,0
294,0,3,female,24,8.85,S,0
295,0,3,male,24,7.8958,S,0
296,0,1,male,30,27.7208,C,0
297,0,3,male,24,7.2292,C,0
298,0,1,female,2,151.55,S,3
299,1,1,male,30,30.5,S,0
300,1,1,female,50,247.5208,C,1
301,1,3,female,30,7.75,Q,0
302,1,3,male,30,23.25,Q,2
303,0,3,male,19,0,S,0
304,1,2,female,30,12.35,Q,0
305,0,3,male,30,8.05,S,0
306,1,1,male,1,151.55,S,3
307,1,1,female,30,110.8833,C,0
308,1,1,female,17,108.9,C,1
309,0,2,male,30,24,C,1
310,1,1,female,30,56.9292,C,0
311,1,1,female,24,83.1583,C,0
312,1,1,female,18,262.375,C,4
313,0,2,female,26,26,S,2
314,0,3,male,28,7.8958,S,0
315,0,2,male,43,26.25,S,2
316,1,3,female,26,7.8542,S,0
317,1,2,female,24,26,S,1
318,0,2,male,54,14,S,0
319,1,1,female,31,164.8667,S,2
320,1,1,female,40,134.5,C,2
321,0,3,male,22,7.25,S,0
322,0,3,male,27,7.8958,S,0
323,1,2,female,30,12.35,Q,0
324,1,2,female,22,29,S,2
325,0,3,male,30,69.55,S,10
326,1,1,female,36,135.6333,C,0
327,0,3,male,61,6.2375,S,0
328,1,2,female,36,13,S,0
329,1,3,female,31,20.525,S,2
330,1,1,female,16,57.9792,C,1
331,1,3,female,30,23.25,Q,2
332,0,1,male,46,28.5,S,0
333,0,1,male,38,153.4625,S,1
334,0,3,male,16,18,S,2
335,1,1,female,30,133.65,S,1
336,0,3,male,30,7.8958,S,0
337,0,1,male,29,66.6,S,1
338,1,1,female,41,134.5,C,0
339,1,3,male,45,8.05,S,0
340,0,1,male,45,35.5,S,0
341,1,2,male,2,26,S,2
342,1,1,female,24,263,S,5
343,0,2,male,28,13,S,0
344,0,2,male,25,13,S,0
345,0,2,male,36,13,S,0
346,1,2,female,24,13,S,0
347,1,2,female,40,13,S,0
348,1,3,female,30,16.1,S,1
349,1,3,male,3,15.9,S,2
350,0,3,male,42,8.6625,S,0
351,0,3,male,23,9.225,S,0
352,0,1,male,30,35,S,0
353,0,3,male,15,7.2292,C,2
354,0,3,male,25,17.8,S,1
355,0,3,male,30,7.225,C,0
356,0,3,male,28,9.5,S,0
357,1,1,female,22,55,S,1
358,0,2,female,38,13,S,0
359,1,3,female,30,7.8792,Q,0
360,1,3,female,30,7.8792,Q,0
361,0,3,male,40,27.9,S,5
362,0,2,male,29,27.7208,C,1
363,0,3,female,45,14.4542,C,1
364,0,3,male,35,7.05,S,0
365,0,3,male,30,15.5,Q,1
366,0,3,male,30,7.25,S,0
367,1,1,female,60,75.25,C,1
368,1,3,female,30,7.2292,C,0
369,1,3,female,30,7.75,Q,0
370,1,1,female,24,69.3,C,0
371,1,1,male,25,55.4417,C,1
372,0,3,male,18,6.4958,S,1
373,0,3,male,19,8.05,S,0
374,0,1,male,22,135.6333,C,0
375,0,3,female,3,21.075,S,4
376,1,1,female,30,82.1708,C,1
377,1,3,female,22,7.25,S,0
378,0,1,male,27,211.5,C,2
379,0,3,male,20,4.0125,C,0
380,0,3,male,19,7.775,S,0
381,1,1,female,42,227.525,C,0
382,1,3,female,1,15.7417,C,2
383,0,3,male,32,7.925,S,0
384,1,1,female,35,52,S,1
385,0,3,male,30,7.8958,S,0
386,0,2,male,18,73.5,S,0
387,0,3,male,1,46.9,S,7
388,1,2,female,36,13,S,0
389,0,3,male,30,7.7292,Q,0
390,1,2,female,17,12,C,0
391,1,1,male,36,120,S,3
392,1,3,male,21,7.7958,S,0
393,0,3,male,28,7.925,S,2
394,1,1,female,23,113.275,C,1
395,1,3,female,24,16.7,S,2
396,0,3,male,22,7.7958,S,0
397,0,3,female,31,7.8542,S,0
398,0,2,male,46,26,S,0
399,0,2,male,23,10.5,S,0
400,1,2,female,28,12.65,S,0
401,1,3,male,39,7.925,S,0
402,0,3,male,26,8.05,S,0
403,0,3,female,21,9.825,S,1
404,0,3,male,28,15.85,S,1
405,0,3,female,20,8.6625,S,0
406,0,2,male,34,21,S,1
407,0,3,male,51,7.75,S,0
408,1,2,male,3,18.75,S,2
409,0,3,male,21,7.775,S,0
410,0,3,female,30,25.4667,S,4
411,0,3,male,30,7.8958,S,0
412,0,3,male,30,6.8583,Q,0
413,1,1,female,33,90,Q,1
414,0,2,male,30,0,S,0
415,1,3,male,44,7.925,S,0
416,0,3,female,30,8.05,S,0
417,1,2,female,34,32.5,S,2
418,1,2,female,18,13,S,2
419,0,2,male,30,13,S,0
420,0,3,female,10,24.15,S,2
421,0,3,male,30,7.8958,C,0
422,0,3,male,21,7.7333,Q,0
423,0,3,male,29,7.875,S,0
424,0,3,female,28,14.4,S,2
425,0,3,male,18,20.2125,S,2
426,0,3,male,30,7.25,S,0
427,1,2,female,28,26,S,1
428,1,2,female,19,26,S,0
429,0,3,male,30,7.75,Q,0
430,1,3,male,32,8.05,S,0
431,1,1,male,28,26.55,S,0
432,1,3,female,30,16.1,S,1
433,1,2,female,42,26,S,1
434,0,3,male,17,7.125,S,0
435,0,1,male,50,55.9,S,1
436,1,1,female,14,120,S,3
437,0,3,female,21,34.375,S,4
438,1,2,female,24,18.75,S,5
439,0,1,male,64,263,S,5
440,0,2,male,31,10.5,S,0
441,1,2,female,45,26.25,S,2
442,0,3,male,20,9.5,S,0
443,0,3,male,25,7.775,S,1
444,1,2,female,28,13,S,0
445,1,3,male,30,8.1125,S,0
446,1,1,male,4,81.8583,S,2
447,1,2,female,13,19.5,S,1
448,1,1,male,34,26.55,S,0
449,1,3,female,5,19.2583,C,3
450,1,1,male,52,30.5,S,0
451,0,2,male,36,27.75,S,3
452,0,3,male,30,19.9667,S,1
453,0,1,male,30,27.75,C,0
454,1,1,male,49,89.1042,C,1
455,0,3,male,30,8.05,S,0
456,1,3,male,29,7.8958,C,0
457,0,1,male,65,26.55,S,0
458,1,1,female,30,51.8625,S,1
459,1,2,female,50,10.5,S,0
460,0,3,male,30,7.75,Q,0
461,1,1,male,48,26.55,S,0
462,0,3,male,34,8.05,S,0
463,0,1,male,47,38.5,S,0
464,0,2,male,48,13,S,0
465,0,3,male,30,8.05,S,0
466,0,3,male,38,7.05,S,0
467,0,2,male,30,0,S,0
468,0,1,male,56,26.55,S,0
469,0,3,male,30,7.725,Q,0
470,1,3,female,1,19.2583,C,3
471,0,3,male,30,7.25,S,0
472,0,3,male,38,8.6625,S,0
473,1,2,female,33,27.75,S,3
474,1,2,female,23,13.7917,C,0
475,0,3,female,22,9.8375,S,0
476,0,1,male,30,52,S,0
477,0,2,male,34,21,S,1
478,0,3,male,29,7.0458,S,1
479,0,3,male,22,7.5208,S,0
480,1,3,female,2,12.2875,S,1
481,0,3,male,9,46.9,S,7
482,0,2,male,30,0,S,0
483,0,3,male,50,8.05,S,0
484,1,3,female,63,9.5875,S,0
485,1,1,male,25,91.0792,C,1
486,0,3,female,30,25.4667,S,4
487,1,1,female,35,90,S,1
488,0,1,male,58,29.7,C,0
489,0,3,male,30,8.05,S,0
490,1,3,male,9,15.9,S,2
491,0,3,male,30,19.9667,S,1
492,0,3,male,21,7.25,S,0
493,0,1,male,55,30.5,S,0
494,0,1,male,71,49.5042,C,0
495,0,3,male,21,8.05,S,0
496,0,3,male,30,14.4583,C,0
497,1,1,female,54,78.2667,C,1
498,0,3,male,30,15.1,S,0
499,0,1,female,25,151.55,S,3
500,0,3,male,24,7.7958,S,0
501,0,3,male,17,8.6625,S,0
502,0,3,female,21,7.75,Q,0
503,0,3,female,30,7.6292,Q,0
504,0,3,female,37,9.5875,S,0
505,1,1,female,16,86.5,S,0
506,0,1,male,18,108.9,C,1
507,1,2,female,33,26,S,2
508,1,1,male,30,26.55,S,0
509,0,3,male,28,22.525,S,0
510,1,3,male,26,56.4958,S,0
511,1,3,male,29,7.75,Q,0
512,0,3,male,30,8.05,S,0
513,1,1,male,36,26.2875,S,0
514,1,1,female,54,59.4,C,1
515,0,3,male,24,7.4958,S,0
516,0,1,male,47,34.0208,S,0
517,1,2,female,34,10.5,S,0
518,0,3,male,30,24.15,Q,0
519,1,2,female,36,26,S,1
520,0,3,male,32,7.8958,S,0
521,1,1,female,30,93.5,S,0
522,0,3,male,22,7.8958,S,0
523,0,3,male,30,7.225,C,0
524,1,1,female,44,57.9792,C,1
525,0,3,male,30,7.2292,C,0
526,0,3,male,40,7.75,Q,0
527,1,2,female,50,10.5,S,0
528,0,1,male,30,221.7792,S,0
529,0,3,male,39,7.925,S,0
530,0,2,male,23,11.5,S,3
531,1,2,female,2,26,S,2
532,0,3,male,30,7.2292,C,0
533,0,3,male,17,7.2292,C,2
534,1,3,female,30,22.3583,C,2
535,0,3,female,30,8.6625,S,0
536,1,2,female,7,26.25,S,2
537,0,1,male,45,26.55,S,0
538,1,1,female,30,106.425,C,0
539,0,3,male,30,14.5,S,0
540,1,1,female,22,49.5,C,2
541,1,1,female,36,71,S,2
542,0,3,female,9,31.275,S,6
543,0,3,female,11,31.275,S,6
544,1,2,male,32,26,S,1
545,0,1,male,50,106.425,C,1
546,0,1,male,64,26,S,0
547,1,2,female,19,26,S,1
548,1,2,male,30,13.8625,C,0
549,0,3,male,33,20.525,S,2
550,1,2,male,8,36.75,S,2
551,1,1,male,17,110.8833,C,2
552,0,2,male,27,26,S,0
553,0,3,male,30,7.8292,Q,0
554,1,3,male,22,7.225,C,0
555,1,3,female,22,7.775,S,0
556,0,1,male,62,26.55,S,0
557,1,1,female,48,39.6,C,1
558,0,1,male,30,227.525,C,0
559,1,1,female,39,79.65,S,2
560,1,3,female,36,17.4,S,1
561,0,3,male,30,7.75,Q,0
562,0,3,male,40,7.8958,S,0
563,0,2,male,28,13.5,S,0
564,0,3,male,30,8.05,S,0
565,0,3,female,30,8.05,S,0
566,0,3,male,24,24.15,S,2
567,0,3,male,19,7.8958,S,0
568,0,3,female,29,21.075,S,4
569,0,3,male,30,7.2292,C,0
570,1,3,male,32,7.8542,S,0
571,1,2,male,62,10.5,S,0
572,1,1,female,53,51.4792,S,2
573,1,1,male,36,26.3875,S,0
574,1,3,female,30,7.75,Q,0
575,0,3,male,16,8.05,S,0
576,0,3,male,19,14.5,S,0
577,1,2,female,34,13,S,0
578,1,1,female,39,55.9,S,1
579,0,3,female,30,14.4583,C,1
580,1,3,male,32,7.925,S,0
581,1,2,female,25,30,S,2
582,1,1,female,39,110.8833,C,2
583,0,2,male,54,26,S,0
584,0,1,male,36,40.125,C,0
585,0,3,male,30,8.7125,C,0
586,1,1,female,18,79.65,S,2
587,0,2,male,47,15,S,0
588,1,1,male,60,79.2,C,2
589,0,3,male,22,8.05,S,0
590,0,3,male,30,8.05,S,0
591,0,3,male,35,7.125,S,0
592,1,1,female,52,78.2667,C,1
593,0,3,male,47,7.25,S,0
594,0,3,female,30,7.75,Q,2
595,0,2,male,37,26,S,1
596,0,3,male,36,24.15,S,2
597,1,2,female,30,33,S,0
598,0,3,male,49,0,S,0
599,0,3,male,30,7.225,C,0
600,1,1,male,49,56.9292,C,1
601,1,2,female,24,27,S,3
602,0,3,male,30,7.8958,S,0
603,0,1,male,30,42.4,S,0
604,0,3,male,44,8.05,S,0
605,1,1,male,35,26.55,C,0
606,0,3,male,36,15.55,S,1
607,0,3,male,30,7.8958,S,0
608,1,1,male,27,30.5,S,0
609,1,2,female,22,41.5792,C,3
610,1,1,female,40,153.4625,S,0
611,0,3,female,39,31.275,S,6
612,0,3,male,30,7.05,S,0
613,1,3,female,30,15.5,Q,1
614,0,3,male,30,7.75,Q,0
615,0,3,male,35,8.05,S,0
616,1,2,female,24,65,S,3
617,0,3,male,34,14.4,S,2
618,0,3,female,26,16.1,S,1
619,1,2,female,4,39,S,3
620,0,2,male,26,10.5,S,0
621,0,3,male,27,14.4542,C,1
622,1,1,male,42,52.5542,S,1
623,1,3,male,20,15.7417,C,2
624,0,3,male,21,7.8542,S,0
625,0,3,male,21,16.1,S,0
626,0,1,male,61,32.3208,S,0
627,0,2,male,57,12.35,Q,0
628,1,1,female,21,77.9583,S,0
629,0,3,male,26,7.8958,S,0
630,0,3,male,30,7.7333,Q,0
631,1,1,male,80,30,S,0
632,0,3,male,51,7.0542,S,0
633,1,1,male,32,30.5,C,0
634,0,1,male,30,0,S,0
635,0,3,female,9,27.9,S,5
636,1,2,female,28,13,S,0
637,0,3,male,32,7.925,S,0
638,0,2,male,31,26.25,S,2
639,0,3,female,41,39.6875,S,5
640,0,3,male,30,16.1,S,1
641,0,3,male,20,7.8542,S,0
642,1,1,female,24,69.3,C,0
643,0,3,female,2,27.9,S,5
644,1,3,male,30,56.4958,S,0
645,1,3,female,1,19.2583,C,3
646,1,1,male,48,76.7292,C,1
647,0,3,male,19,7.8958,S,0
648,1,1,male,56,35.5,C,0
649,0,3,male,30,7.55,S,0
650,1,3,female,23,7.55,S,0
651,0,3,male,30,7.8958,S,0
652,1,2,female,18,23,S,1
653,0,3,male,21,8.4333,S,0
654,1,3,female,30,7.8292,Q,0
655,0,3,female,18,6.75,Q,0
656,0,2,male,24,73.5,S,2
657,0,3,male,30,7.8958,S,0
658,0,3,female,32,15.5,Q,2
659,0,2,male,23,13,S,0
660,0,1,male,58,113.275,C,2
661,1,1,male,50,133.65,S,2
662,0,3,male,40,7.225,C,0
663,0,1,male,47,25.5875,S,0
664,0,3,male,36,7.4958,S,0
665,1,3,male,20,7.925,S,1
666,0,2,male,32,73.5,S,2
667,0,2,male,25,13,S,0
668,0,3,male,30,7.775,S,0
669,0,3,male,43,8.05,S,0
670,1,1,female,30,52,S,1
671,1,2,female,40,39,S,2
672,0,1,male,31,52,S,1
673,0,2,male,70,10.5,S,0
674,1,2,male,31,13,S,0
675,0,2,male,30,0,S,0
676,0,3,male,18,7.775,S,0
677,0,3,male,24,8.05,S,0
678,1,3,female,18,9.8417,S,0
679,0,3,female,43,46.9,S,7
680,1,1,male,36,512.3292,C,1
681,0,3,female,30,8.1375,Q,0
682,1,1,male,27,76.7292,C,0
683,0,3,male,20,9.225,S,0
684,0,3,male,14,46.9,S,7
685,0,2,male,60,39,S,2
686,0,2,male,25,41.5792,C,3
687,0,3,male,14,39.6875,S,5
688,0,3,male,19,10.1708,S,0
689,0,3,male,18,7.7958,S,0
690,1,1,female,15,211.3375,S,1
691,1,1,male,31,57,S,1
692,1,3,female,4,13.4167,C,1
693,1,3,male,30,56.4958,S,0
694,0,3,male,25,7.225,C,0
695,0,1,male,60,26.55,S,0
696,0,2,male,52,13.5,S,0
697,0,3,male,44,8.05,S,0
698,1,3,female,30,7.7333,Q,0
699,0,1,male,49,110.8833,C,2
700,0,3,male,42,7.65,S,0
701,1,1,female,18,227.525,C,1
702,1,1,male,35,26.2875,S,0
703,0,3,female,18,14.4542,C,1
704,0,3,male,25,7.7417,Q,0
705,0,3,male,26,7.8542,S,1
706,0,2,male,39,26,S,0
707,1,2,female,45,13.5,S,0
708,1,1,male,42,26.2875,S,0
709,1,1,female,22,151.55,S,0
710,1,3,male,30,15.2458,C,2
711,1,1,female,24,49.5042,C,0
712,0,1,male,30,26.55,S,0
713,1,1,male,48,52,S,1
714,0,3,male,29,9.4833,S,0
715,0,2,male,52,13,S,0
716,0,3,male,19,7.65,S,0
717,1,1,female,38,227.525,C,0
718,1,2,female,27,10.5,S,0
719,0,3,male,30,15.5,Q,0
720,0,3,male,33,7.775,S,0
721,1,2,female,6,33,S,1
722,0,3,male,17,7.0542,S,1
723,0,2,male,34,13,S,0
724,0,2,male,50,13,S,0
725,1,1,male,27,53.1,S,1
726,0,3,male,20,8.6625,S,0
727,1,2,female,30,21,S,3
728,1,3,female,30,7.7375,Q,0
729,0,2,male,25,26,S,1
730,0,3,female,25,7.925,S,1
731,1,1,female,29,211.3375,S,0
732,0,3,male,11,18.7875,C,0
733,0,2,male,30,0,S,0
734,0,2,male,23,13,S,0
735,0,2,male,23,13,S,0
736,0,3,male,28,16.1,S,0
737,0,3,female,48,34.375,S,4
738,1,1,male,35,512.3292,C,0
739,0,3,male,30,7.8958,S,0
740,0,3,male,30,7.8958,S,0
741,1,1,male,30,30,S,0
742,0,1,male,36,78.85,S,1
743,1,1,female,21,262.375,C,4
744,0,3,male,24,16.1,S,1
745,1,3,male,31,7.925,S,0
746,0,1,male,70,71,S,2
747,0,3,male,16,20.25,S,2
748,1,2,female,30,13,S,0
749,0,1,male,19,53.1,S,1
750,0,3,male,31,7.75,Q,0
751,1,2,female,4,23,S,2
752,1,3,male,6,12.475,S,1
753,0,3,male,33,9.5,S,0
754,0,3,male,23,7.8958,S,0
755,1,2,female,48,65,S,3
756,1,2,male,1,14.5,S,2
757,0,3,male,28,7.7958,S,0
758,0,2,male,18,11.5,S,0
759,0,3,male,34,8.05,S,0
760,1,1,female,33,86.5,S,0
761,0,3,male,30,14.5,S,0
762,0,3,male,41,7.125,S,0
763,1,3,male,20,7.2292,C,0
764,1,1,female,36,120,S,3
765,0,3,male,16,7.775,S,0
766,1,1,female,51,77.9583,S,1
767,0,1,male,30,39.6,C,0
768,0,3,female,30,7.75,Q,0
769,0,3,male,30,24.15,Q,1
770,0,3,male,32,8.3625,S,0
771,0,3,male,24,9.5,S,0
772,0,3,male,48,7.8542,S,0
773,0,2,female,57,10.5,S,0
774,0,3,male,30,7.225,C,0
775,1,2,female,54,23,S,4
776,0,3,male,18,7.75,S,0
777,0,3,male,30,7.75,Q,0
778,1,3,female,5,12.475,S,0
779,0,3,male,30,7.7375,Q,0
780,1,1,female,43,211.3375,S,1
781,1,3,female,13,7.2292,C,0
782,1,1,female,17,57,S,1
783,0,1,male,29,30,S,0
784,0,3,male,30,23.45,S,3
785,0,3,male,25,7.05,S,0
786,0,3,male,25,7.25,S,0
787,1,3,female,18,7.4958,S,0
788,0,3,male,8,29.125,Q,5
789,1,3,male,1,20.575,S,3
790,0,1,male,46,79.2,C,0
791,0,3,male,30,7.75,Q,0
792,0,2,male,16,26,S,0
793,0,3,female,30,69.55,S,10
794,0,1,male,30,30.6958,C,0
795,0,3,male,25,7.8958,S,0
796,0,2,male,39,13,S,0
797,1,1,female,49,25.9292,S,0
798,1,3,female,31,8.6833,S,0
799,0,3,male,30,7.2292,C,0
800,0,3,female,30,24.15,S,2
801,0,2,male,34,13,S,0
802,1,2,female,31,26.25,S,2
803,1,1,male,11,120,S,3
804,1,3,male,0,8.5167,C,1
805,1,3,male,27,6.975,S,0
806,0,3,male,31,7.775,S,0
807,0,1,male,39,0,S,0
808,0,3,female,18,7.775,S,0
809,0,2,male,39,13,S,0
810,1,1,female,33,53.1,S,1
811,0,3,male,26,7.8875,S,0
812,0,3,male,39,24.15,S,0
813,0,2,male,35,10.5,S,0
814,0,3,female,6,31.275,S,6
815,0,3,male,30,8.05,S,0
816,0,1,male,30,0,S,0
817,0,3,female,23,7.925,S,0
818,0,2,male,31,37.0042,C,2
819,0,3,male,43,6.45,S,0
820,0,3,male,10,27.9,S,5
821,1,1,female,52,93.5,S,2
822,1,3,male,27,8.6625,S,0
823,0,1,male,38,0,S,0
824,1,3,female,27,12.475,S,1
825,0,3,male,2,39.6875,S,5
826,0,3,male,30,6.95,Q,0
827,0,3,male,30,56.4958,S,0
828,1,2,male,1,37.0042,C,2
829,1,3,male,30,7.75,Q,0
830,1,1,female,62,80,S,0
831,1,3,female,15,14.4542,C,1
832,1,2,male,1,18.75,S,2
833,0,3,male,30,7.2292,C,0
834,0,3,male,23,7.8542,S,0
835,0,3,male,18,8.3,S,0
836,1,1,female,39,83.1583,C,2
837,0,3,male,21,8.6625,S,0
838,0,3,male,30,8.05,S,0
839,1,3,male,32,56.4958,S,0
840,1,1,male,30,29.7,C,0
841,0,3,male,20,7.925,S,0
842,0,2,male,16,10.5,S,0
843,1,1,female,30,31,C,0
844,0,3,male,34,6.4375,C,0
845,0,3,male,17,8.6625,S,0
846,0,3,male,42,7.55,S,0
847,0,3,male,30,69.55,S,10
848,0,3,male,35,7.8958,C,0
849,0,2,male,28,33,S,1
850,1,1,female,30,89.1042,C,1
851,0,3,male,4,31.275,S,6
852,0,3,male,74,7.775,S,0
853,0,3,female,9,15.2458,C,2
854,1,1,female,16,39.4,S,1
855,0,2,female,44,26,S,1
856,1,3,female,18,9.35,S,1
857,1,1,female,45,164.8667,S,2
858,1,1,male,51,26.55,S,0
859,1,3,female,24,19.2583,C,3
860,0,3,male,30,7.2292,C,0
861,0,3,male,41,14.1083,S,2
862,0,2,male,21,11.5,S,1
863,1,1,female,48,25.9292,S,0
864,0,3,female,30,69.55,S,10
865,0,2,male,24,13,S,0
866,1,2,female,42,13,S,0
867,1,2,female,27,13.8583,C,1
868,0,1,male,31,50.4958,S,0
869,0,3,male,30,9.5,S,0
870,1,3,male,4,11.1333,S,2
871,0,3,male,26,7.8958,S,0
872,1,1,female,47,52.5542,S,2
873,0,1,male,33,5,S,0
874,0,3,male,47,9,S,0
875,1,2,female,28,24,C,1
876,1,3,female,15,7.225,C,0
877,0,3,male,20,9.8458,S,0
878,0,3,male,19,7.8958,S,0
879,0,3,male,30,7.8958,S,0
880,1,1,female,56,83.1583,C,1
881,1,2,female,25,26,S,1
882,0,3,male,33,7.8958,S,0
883,0,3,female,22,10.5167,S,0
884,0,2,male,28,10.5,S,0
885,0,3,male,25,7.05,S,0
886,0,3,female,39,29.125,Q,5
887,0,2,male,27,13,S,0
888,1,1,female,19,30,S,0
889,0,3,female,30,23.45,S,3
890,1,1,male,26,30,C,0
891,0,3,male,32,7.75,Q,0
892,0,3,male,34,7.8292,Q,0
893,1,3,female,47,7,S,1
894,0,2,male,62,9.6875,Q,0
895,0,3,male,27,8.6625,S,0
896,1,3,female,22,12.2875,S,2
897,0,3,male,14,9.225,S,0
898,1,3,female,30,7.6292,Q,0
899,1,2,male,26,29,S,2
900,1,3,female,18,7.2292,C,0
901,1,3,male,21,24.15,S,2
902,1,3,male,30,7.8958,S,0
903,0,1,male,46,26,S,0
904,1,1,female,23,82.2667,S,1
905,0,2,male,63,26,S,1
906,1,1,female,47,61.175,S,1
907,1,2,female,24,27.7208,C,1
908,0,2,male,35,12.35,Q,0
909,0,3,male,21,7.225,C,0
910,0,3,female,27,7.925,S,1
911,1,3,female,45,7.225,C,0
912,1,1,male,55,59.4,C,1
913,0,3,male,9,3.1708,S,1
914,1,1,female,30,31.6833,S,0
915,1,1,male,21,61.3792,C,1
916,1,1,female,48,262.375,C,4
917,0,3,male,50,14.5,S,1
918,1,1,female,22,61.9792,C,1
919,0,3,male,22,7.225,C,0
920,0,1,male,41,30.5,S,0
921,0,3,male,30,21.6792,C,2
922,0,2,male,50,26,S,1
923,0,2,male,24,31.5,S,2
924,0,3,female,33,20.575,S,3
925,0,3,female,30,23.45,S,3
926,1,1,male,30,57.75,C,1
927,0,3,male,18,7.2292,C,0
928,0,3,female,30,8.05,S,0
929,0,3,female,21,8.6625,S,0
930,0,3,male,25,9.5,S,0
931,1,3,male,30,56.4958,S,0
932,0,3,male,39,13.4167,C,1
933,1,1,male,30,26.55,S,0
934,0,3,male,41,7.85,S,0
935,1,2,female,30,13,S,0
936,1,1,female,45,52.5542,S,1
937,0,3,male,25,7.925,S,0
938,1,1,male,45,29.7,C,0
939,0,3,male,30,7.75,Q,0
940,1,1,female,60,76.2917,C,0
941,1,3,female,36,15.9,S,2
942,1,1,male,24,60,S,1
943,0,2,male,27,15.0333,C,0
944,1,2,female,20,23,S,3
945,1,1,female,28,263,S,5
946,1,2,male,30,15.5792,C,0
947,1,3,male,10,29.125,Q,5
948,0,3,male,35,7.8958,S,0
949,0,3,male,25,7.65,S,0
950,1,3,male,30,16.1,S,1
951,1,1,female,36,262.375,C,0
952,0,3,male,17,7.8958,S,0
953,0,2,male,32,13.5,S,0
954,1,3,male,18,7.75,S,0
955,1,3,female,22,7.725,Q,0
956,1,1,male,13,262.375,C,4
957,1,2,female,30,21,S,0
958,1,3,female,18,7.8792,Q,0
959,0,1,male,47,42.4,S,0
960,1,1,male,31,28.5375,C,0
961,1,1,female,60,263,S,5
962,1,3,female,24,7.75,Q,0
963,0,3,male,21,7.8958,S,0
964,0,3,female,29,7.925,S,0
965,1,1,male,28,27.7208,C,0
966,1,1,female,35,211.5,C,0
967,1,1,male,32,211.5,C,0
968,0,3,male,30,8.05,S,0
969,1,1,female,55,25.7,S,2
970,1,2,male,30,13,S,0
971,1,3,female,24,7.75,Q,0
972,0,3,male,6,15.2458,C,2
973,1,1,male,67,221.7792,S,1
974,0,1,male,49,26,S,0
975,0,3,male,30,7.8958,S,0
976,0,2,male,30,10.7083,Q,0
977,0,3,male,30,14.4542,C,1
978,1,3,female,27,7.8792,Q,0
979,0,3,female,18,8.05,S,0
980,1,3,female,30,7.75,Q,0
981,0,2,male,2,23,S,2
982,1,3,female,22,13.9,S,1
983,0,3,male,30,7.775,S,0
984,1,1,female,27,52,S,3
985,0,3,male,30,8.05,S,0
986,0,1,male,25,26,C,0
987,0,3,male,25,7.7958,S,0
988,1,1,female,76,78.85,S,1
989,0,3,male,29,7.925,S,0
990,0,3,female,20,7.8542,S,0
991,0,3,male,33,8.05,S,0
992,1,1,female,43,55.4417,C,1
993,0,2,male,27,26,S,1
994,0,3,male,30,7.75,Q,0
995,0,3,male,26,7.775,S,0
996,1,3,female,16,8.5167,C,2
997,0,3,male,28,22.525,S,0
998,0,3,male,21,7.8208,Q,0
999,0,3,male,30,7.75,Q,0
1000,0,3,male,30,8.7125,S,0
1001,0,2,male,18,13,S,0
1002,0,2,male,41,15.0458,C,0
1003,1,3,female,30,7.7792,Q,0
1004,1,1,female,36,31.6792,C,0
1005,1,3,female,18,7.2833,Q,0
1006,1,1,female,63,221.7792,S,1
1007,0,3,male,18,14.4542,C,1
1008,0,3,male,30,6.4375,C,0
1009,1,3,female,1,16.7,S,2
1010,1,1,male,36,75.2417,C,0
1011,1,2,female,29,26,S,1
1012,1,2,female,12,15.75,S,0
1013,0,3,male,30,7.75,Q,1
1014,1,1,female,35,57.75,C,1
1015,0,3,male,28,7.25,S,0
1016,1,3,male,30,7.75,Q,0
1017,1,3,female,17,16.1,S,1
1018,0,3,male,22,7.7958,S,0
1019,1,3,female,30,23.25,Q,2
1020,0,2,male,42,13,S,0
1021,0,3,male,24,8.05,S,0
1022,0,3,male,32,8.05,S,0
1023,1,1,male,53,28.5,C,0
1024,0,3,female,30,25.4667,S,4
1025,0,3,male,30,6.4375,C,1
1026,0,3,male,43,7.8958,S,0
1027,0,3,male,24,7.8542,S,0
1028,0,3,male,26,7.225,C,0
1029,0,2,male,26,13,S,0
1030,0,3,female,23,8.05,S,0
1031,0,3,male,40,46.9,S,7
1032,0,3,female,10,46.9,S,7
1033,1,1,female,33,151.55,S,0
1034,1,1,male,61,262.375,C,4
1035,0,2,male,28,26,S,0
1036,1,1,male,42,26.55,S,0
1037,0,3,male,31,18,S,3
1038,0,1,male,30,51.8625,S,0
1039,1,3,male,22,8.05,S,0
1040,1,1,male,30,26.55,S,0
1041,0,2,male,30,26,S,2
1042,1,1,female,23,83.1583,C,1
1043,0,3,male,30,7.8958,C,0
1044,0,3,male,60,,S,0
1045,1,3,female,36,12.1833,S,2
1046,0,3,male,13,31.3875,S,6
1047,1,3,male,24,7.55,S,0
1048,1,1,female,29,221.7792,S,0
1049,0,3,female,23,7.8542,S,0
1050,1,1,male,42,26.55,S,0
1051,1,3,female,26,13.775,S,2
1052,1,3,female,30,7.7333,Q,0
1053,0,3,male,7,15.2458,C,2
1054,1,2,female,26,13.5,S,0
1055,0,3,male,30,7,S,0
1056,0,2,male,41,13,S,0
1057,0,3,female,26,22.025,S,2
1058,0,1,male,48,50.4958,C,0
1059,0,3,male,18,34.375,S,4
1060,1,1,female,30,27.7208,C,0
1061,1,3,female,22,8.9625,S,0
1062,0,3,male,30,7.55,S,0
1063,0,3,male,27,7.225,C,0
1064,1,3,male,23,13.9,S,1
1065,0,3,male,30,7.2292,C,0
1066,0,3,male,40,31.3875,S,6
1067,1,2,female,15,39,S,2
1068,1,2,female,20,36.75,S,0
1069,1,1,male,54,55.4417,C,1
1070,1,2,female,36,39,S,3
1071,1,1,female,64,83.1583,C,2
1072,0,2,male,30,13,S,0
1073,1,1,male,37,83.1583,C,2
1074,1,1,female,18,53.1,S,1
1075,1,3,male,30,7.75,Q,0
1076,1,1,female,27,247.5208,C,2
1077,0,2,male,40,16,S,0
1078,1,2,female,21,21,S,1
1079,0,3,male,17,8.05,S,2
1080,0,3,female,30,69.55,S,10
1081,0,2,male,40,13,S,0
1082,0,2,male,34,26,S,1
1083,0,1,male,30,26,S,0
1084,0,3,male,12,14.5,S,2
1085,1,2,male,61,12.35,Q,0
1086,0,2,male,8,32.5,S,2
1087,0,3,male,33,7.8542,S,0
1088,1,1,male,6,134.5,C,2
1089,0,3,female,18,7.775,S,0
1090,0,2,male,23,10.5,S,0
1091,0,3,female,30,8.1125,S,0
1092,1,3,female,30,15.5,Q,0
1093,0,3,male,0,14.4,S,2
1094,1,1,male,47,227.525,C,1
1095,1,2,female,8,26,S,2
1096,0,2,male,25,10.5,S,0
1097,1,1,male,30,25.7417,C,0
1098,1,3,female,35,7.75,Q,0
1099,0,2,male,24,10.5,S,0
1100,1,1,female,33,27.7208,C,0
1101,0,3,male,25,7.8958,S,0
1102,0,3,male,32,22.525,S,0
1103,0,3,male,30,7.05,S,0
1104,0,2,male,17,73.5,S,0
1105,1,2,female,60,26,S,1
1106,0,3,female,38,7.775,S,6
1107,0,1,male,42,42.5,S,0
1108,1,3,female,30,7.8792,Q,0
1109,1,1,male,57,164.8667,S,2
1110,1,1,female,50,211.5,C,2
1111,0,3,male,30,8.05,S,0
1112,1,2,female,30,13.8583,C,1
1113,0,3,male,21,8.05,S,0
1114,1,2,female,22,10.5,S,0
1115,0,3,male,21,7.7958,S,0
1116,1,1,female,53,27.4458,C,0
1117,1,3,female,30,15.2458,C,2
1118,0,3,male,23,7.7958,S,0
1119,1,3,female,30,7.75,Q,0
1120,0,3,male,40,15.1,S,0
1121,0,2,male,36,13,S,0
1122,0,2,male,14,65,S,0
1123,1,1,female,21,26.55,S,0
1124,0,3,male,21,6.4958,S,1
1125,0,3,male,30,7.8792,Q,0
1126,1,1,male,39,71.2833,C,1
1127,0,3,male,20,7.8542,S,0
1128,1,1,male,64,75.25,C,1
1129,1,3,male,20,7.225,C,0
1130,1,2,female,18,13,S,2
1131,1,1,female,48,106.425,C,1
1132,1,1,female,55,27.7208,C,0
1133,1,2,female,45,30,S,2
1134,1,1,male,45,134.5,C,2
1135,0,3,male,30,7.8875,S,0
1136,0,3,male,30,23.45,S,3
1137,0,1,male,41,51.8625,S,1
1138,1,2,female,22,21,S,0
1139,0,2,male,42,32.5,S,2
1140,1,2,female,29,26,S,1
1141,0,3,female,30,14.4542,C,1
1142,1,2,female,1,27.75,S,3
1143,0,3,male,20,7.925,S,0
1144,1,1,male,27,136.7792,C,1
1145,0,3,male,24,9.325,S,0
1146,0,3,male,32,9.5,S,0
1147,0,3,male,30,7.55,S,0
1148,0,3,male,30,7.75,Q,0
1149,0,3,male,28,8.05,S,0
1150,1,2,female,19,13,S,0
1151,1,3,male,21,7.775,S,0
1152,0,3,male,36,17.4,S,1
1153,0,3,male,21,7.8542,S,0
1154,1,2,female,29,23,S,2
1155,1,3,female,1,12.1833,S,2
1156,0,2,male,30,12.7375,C,0
1157,0,3,male,30,7.8958,S,0
1158,0,1,male,30,0,S,0
1159,0,3,male,30,7.55,S,0
1160,0,3,female,30,8.05,S,0
1161,0,3,male,17,8.6625,S,0
1162,1,1,male,46,75.2417,C,0
1163,0,3,male,30,7.75,Q,0
1164,1,1,female,26,136.7792,C,1
1165,1,3,female,30,15.5,Q,1
1166,0,3,male,30,7.225,C,0
1167,1,2,female,20,26,S,1
1168,0,2,male,28,10.5,S,0
1169,0,2,male,40,26,S,1
1170,0,2,male,30,21,S,1
1171,0,2,male,22,10.5,S,0
1172,0,3,female,23,8.6625,S,0
1173,0,3,male,1,13.775,S,2
1174,1,3,female,30,7.75,Q,0
1175,1,3,female,9,15.2458,C,2
1176,0,3,female,2,20.2125,S,2
1177,0,3,male,36,7.25,S,0
1178,0,3,male,30,7.25,S,0
1179,1,1,male,24,82.2667,S,1
1180,0,3,male,30,7.2292,C,0
1181,0,3,male,30,8.05,S,0
1182,0,1,male,30,39.6,S,0
1183,1,3,female,30,6.95,Q,0
1184,0,3,male,30,7.2292,C,0
1185,1,1,male,53,81.8583,S,2
1186,0,3,male,36,9.5,S,0
1187,0,3,male,26,7.8958,S,0
1188,1,2,female,1,41.5792,C,3
1189,1,3,male,30,21.6792,C,2
1190,0,1,male,30,45.5,S,0
1191,1,3,male,29,7.8542,S,0
1192,0,3,male,32,7.775,S,0
1193,0,2,male,30,15.0458,C,0
1194,0,2,male,43,21,S,1
1195,0,3,male,24,8.6625,S,0
1196,1,3,female,30,7.75,Q,0
1197,1,1,female,64,26.55,S,2
1198,1,1,male,30,151.55,S,3
1199,0,3,male,1,9.35,S,1
1200,1,1,male,55,93.5,S,2
1201,1,3,female,45,14.1083,S,1
1202,0,3,male,18,8.6625,S,0
1203,0,3,male,22,7.225,C,0
1204,0,3,male,30,7.575,S,0
1205,1,3,female,37,7.75,Q,0
1206,1,1,female,55,135.6333,C,0
1207,1,3,female,17,7.7333,Q,0
1208,1,1,male,57,146.5208,C,1
1209,0,2,male,19,10.5,S,0
1210,0,3,male,27,7.8542,S,0
1211,0,2,male,22,31.5,S,2
1212,0,3,male,26,7.775,S,0
1213,0,3,male,25,7.2292,C,0
1214,0,2,male,26,13,S,0
1215,1,1,male,33,26.55,S,0
1216,1,1,female,39,211.3375,S,0
1217,0,3,male,23,7.05,S,0
1218,1,2,female,12,39,S,3
1219,1,1,male,46,79.2,C,0
1220,0,2,male,29,26,S,1
1221,0,2,male,21,13,S,0
1222,1,2,female,48,36.75,S,2
1223,1,1,male,39,29.7,C,0
1224,0,3,male,30,7.225,C,0
1225,1,3,female,19,15.7417,C,2
1226,0,3,male,27,7.8958,S,0
1227,0,1,male,30,26,S,0
1228,0,2,male,32,13,S,0
1229,0,3,male,39,7.2292,C,2
1230,0,2,male,25,31.5,S,0
1231,0,3,male,30,7.2292,C,0
1232,1,2,male,18,10.5,S,0
1233,0,3,male,32,7.5792,S,0
1234,1,3,male,30,69.55,S,10
1235,1,1,female,58,512.3292,C,1
1236,0,3,male,30,14.5,S,2
1237,1,3,female,16,7.65,S,0
1238,0,2,male,26,13,S,0
1239,1,3,female,38,7.2292,C,0
1240,1,2,male,24,13.5,S,0
1241,1,2,female,31,21,S,0
1242,1,1,female,45,63.3583,C,1
1243,0,2,male,25,10.5,S,0
1244,0,2,male,18,73.5,S,0
1245,0,2,male,49,65,S,3
1246,0,3,female,0,20.575,S,3
1247,0,1,male,50,26,S,0
1248,1,1,female,59,51.4792,S,2
1249,0,3,male,30,7.8792,S,0
1250,0,3,male,30,7.75,Q,0
1251,1,3,female,30,15.55,S,1
1252,1,3,male,14,69.55,S,10
1253,1,2,female,24,37.0042,C,2
1254,1,2,female,31,21,S,0
1255,0,3,male,27,8.6625,S,0
1256,1,1,female,25,55.4417,C,1
1257,0,3,female,30,69.55,S,10
1258,1,3,male,30,14.4583,C,1
1259,0,3,female,22,39.6875,S,0
1260,1,1,female,45,59.4,C,1
1261,0,2,male,29,13.8583,C,0
1262,0,2,male,21,11.5,S,1
1263,1,1,female,31,134.5,C,0
1264,0,1,male,49,0,S,0
1265,0,2,male,44,13,S,0
1266,1,1,female,54,81.8583,S,2
1267,1,1,female,45,262.375,C,0
1268,0,3,female,22,8.6625,S,2
1269,0,2,male,21,11.5,S,0
1270,0,1,male,55,50,S,0
1271,0,3,male,5,31.3875,S,6
1272,0,3,male,30,7.75,Q,0
1273,1,3,male,26,7.8792,Q,0
1274,1,3,female,30,14.5,S,0
1275,1,3,female,19,16.1,S,1
1276,0,2,male,30,12.875,S,0
1277,1,2,female,24,65,S,3
1278,0,3,male,24,7.775,S,0
1279,0,2,male,57,13,S,0
1280,0,3,male,21,7.75,Q,0
1281,0,3,male,6,21.075,S,4
1282,1,1,male,23,93.5,S,0
1283,1,1,female,51,39.4,S,1
1284,0,3,male,13,20.25,S,2
1285,0,2,male,47,10.5,S,0
1286,0,3,male,29,22.025,S,4
1287,1,1,female,18,60,S,1
1288,0,3,male,24,7.25,Q,0
1289,1,1,female,48,79.2,C,2
1290,0,3,male,22,7.775,S,0
1291,0,3,male,31,7.7333,Q,0
1292,1,1,female,30,164.8667,S,0
1293,0,2,male,38,21,S,1
1294,1,1,female,22,59.4,C,1
1295,0,1,male,17,47.1,S,0
1296,1,1,male,43,27.7208,C,1
1297,0,2,male,20,13.8625,C,0
1298,0,2,male,23,10.5,S,1
1299,1,1,male,50,211.5,C,2
1300,1,3,female,30,7.7208,Q,0
1301,1,3,female,3,13.775,S,2
1302,1,3,female,30,7.75,Q,0
1303,1,1,female,37,90,Q,1
1304,0,3,female,28,7.775,S,0
1305,0,3,male,30,8.05,S,0
1306,1,1,female,39,108.9,C,0
1307,0,3,male,38,7.25,S,0
1308,0,3,male,30,8.05,S,0
1309,0,3,male,30,22.3583,C,2
